dataset,source_organization,source_url,product,version,retrieval_date,coverage,temporal_resolution,spatial_resolution,file_path,file_format,authentication_required,processing_performed,status,notes
GSI Historical Landslide Inventory,Geological Survey of India,https://bhusanket.gsi.gov.in/,Landslide inventory (PDF extracted),2023,2026-09-15,India (NER states),Event-based,Point/location,data/raw/gsi/gsi_landslide_inventory.csv,CSV + GeoJSON,No,PyMuPDF + pdfplumber text/table extraction from GSI.pdf,PRESENT,"3102 records extracted, 2040 with coordinates. PDF may be partially image-based."
ISRO Landslide Atlas 2023,ISRO/NRSC,https://www.isro.gov.in/ISRO_EN/Landslide_Atlas_India.html,Landslide atlas inventory (PDF extracted),2023,2026-09-15,India-wide,Event-based,District/state level,data/raw/landslide_atlas/landslide_atlas_inventory.csv,CSV + GeoJSON,No,PyMuPDF + pdfplumber extraction from LandslideAtlas_2023.pdf,PRESENT,168 records. Atlas primarily contains aggregate statistics and maps.
Combined NER Landslide Inventory,GSI + ISRO (merged),N/A (derived),Unified inventory with deduplication flags,1.0,2026-09-15,North Eastern India,Event-based,Point,data/raw/landslide_inventory/combined_landslide_inventory.csv,CSV + GeoJSON,No,"Merge with provenance, 545 probable duplicate pairs flagged",PRESENT,"3270 total records, 2040 georeferenced. Duplicates flagged, NOT removed."
SRTM DEM (3 arc-second / ~90m),Viewfinder Panoramas (SRTM-derived),http://viewfinderpanoramas.org/dem3/,DEM3 HGT tiles G45/G46/G47,SRTM-based,2026-09-15,"NER lat 24-27N, lon 88-98E",Static,3 arc-second (~90m),"data/raw/dem/srtm/G45/, G46/, G47/",HGT binary,No,Downloaded and extracted from tile zips,PRESENT,88 NER 1-degree tiles. USGS manifest CSV present (srtm_v3_*.zip) but contains tile list only.
IMD Gridded Rainfall 25km,India Meteorological Department,https://www.imdpune.gov.in/cmpg/Griddata/Rainfall_25_NetCDF.html,RF25 daily gridded rainfall NetCDF,2025,Pre-existing,"India (lat 6.5-38.5N, lon 66.5-100E)",Daily,25km,data/raw/RF25_ind2025_rfp25.nc,NetCDF,No,"Validated with netCDF4. Contains RAINFALL variable, 365 time steps, year 2025.",PRESENT,Time range: 2025-01-01 to 2025-12-31. WGS84 assumed. 25km resolution.
NASA GPM IMERG Daily,NASA GES DISC,https://gpm.nasa.gov/data/directory,GPM_3IMERGDF v07,07,2026-09-15,Global,Daily,0.1 degree (~10km),data/raw/rainfall/gpm/daily/,NetCDF4 (.nc4),Yes - NASA Earthdata (EARTHDATA_USER/EARTHDATA_PASSWORD),"Manifest inspected: 10,135 URLs covering 1998-2025.",BLOCKED_AUTH_REQUIRED,Manifest present at subset_GPM_3IMERGDF_07_*.txt. Files not downloaded - NASA Earthdata login required.
NASA GPM IMERG Half-Hourly,NASA GES DISC,https://gpm.nasa.gov/data/directory,GPM_3IMERGHH v07,07,2026-09-15,Global,30 minutes,0.1 degree (~10km),data/raw/rainfall/gpm/half_hourly/,HDF5,Yes - NASA Earthdata,"Manifest inspected: 486,480 URLs covering 1998-2025.",BLOCKED_AUTH_REQUIRED,Manifest present at subset_GPM_3IMERGHH_07_*.txt. NASA Earthdata login required.
NASA SMAP Soil Moisture SPL3SMAP v003,NASA NSIDC,https://nsidc.org/data/smap/data,SPL3SMAP Level-3 36km daily,003,2026-09-15,Global,Daily,36km,data/raw/soil_moisture/smap/,HDF5,Yes - NASA Earthdata,Download script present: nsidc-download_SPL3SMAP.003_*.py,BLOCKED_AUTH_REQUIRED,Download script available. NASA Earthdata login required. No actual data files present.
NASA SMAP NSIDC-0800 SPL3FTA v002,NASA NSIDC,https://nsidc.org/data/smap/data,NSIDC-0800 Enhanced 9km daily,002,2026-09-15,Global,Daily,9km,data/raw/soil_moisture/smap/,HDF5,Yes - NASA Earthdata,Download script present: nsidc-download_NSIDC-0800.002_*.py,BLOCKED_AUTH_REQUIRED,Download script available. NASA Earthdata login required.
Sentinel-1 GRD,ESA / Copernicus Data Space,https://dataspace.copernicus.eu/,sentinel-1-grd,Level-1,2026-09-15,"NER (88-98E, 20-30.5N)",~12 days revisit,10m IW mode,data/raw/sentinel1/,SAFE (zip),Yes - Copernicus Data Space account,STAC catalog searched (2020-2023): 20 items found.,CATALOG_ONLY,catalog.json present with 20 NER scene IDs. Actual download needs COPERNICUS_USER/COPERNICUS_PASSWORD.
Sentinel-2 L2A,ESA / Copernicus Data Space,https://dataspace.copernicus.eu/,sentinel-2-l2a,Level-2A,2026-09-15,"NER (88-98E, 20-30.5N)",~5 days revisit,10m,data/raw/sentinel2/,SAFE (zip),Yes - Copernicus Data Space account,"STAC catalog searched (2020-2023, cloud<30%): 20 items found.",CATALOG_ONLY,catalog.json present with 20 NER scene IDs. Actual download needs Copernicus credentials.
NER Administrative Boundary,GADM v4.1 + OpenStreetMap,https://geodata.ucdavis.edu/gadm/,India ADM1 state boundaries,GADM 4.1,2026-09-15,7/8 NER states (Arunachal Pradesh partially matched),Static,State polygons,data/raw/boundaries/,GeoJSON + GeoPackage,No,"GADM API downloaded, OSM adminareas extracted, approximate bbox fallback created.",PRESENT,7 states from GADM. Arunachal Pradesh matched from OSM. Approximate bbox fallback also available.
OSM NER Roads & Infrastructure,OpenStreetMap / Geofabrik,https://download.geofabrik.de/asia/india.html,north-eastern-zone-260910-free.gpkg,2026-09-10,Pre-existing,North Eastern India,Static (2026-09-10 snapshot),Vector features,data/raw/north-eastern-zone.gpkg,GeoPackage,No,"Validated: 20 layers including roads, waterways, buildings, places, landuse.",PRESENT,"20 layers: gis_osm_roads_free, gis_osm_waterways_free, gis_osm_places_free, etc."
Geology (NER),NRSC/Bhuvan WMS,https://bhuvan-vec1.nrsc.gov.in/bhuvan/wms,cleanganga:LITHOLOG via WMS,Unknown,2026-09-15,NER (WMS response blank for NER bbox),Static,Unknown,data/raw/geology/,PNG (blank) + provenance JSON,Possibly - WMS returns blank tiles for NER,"Bhuvan WMS probed (6671 layers), LITHOLOG layer attempted. Tiles returned blank.",BLOCKED,GSI Bhukosh (https://bhukosh.gsi.gov.in/) requires registration. Bhuvan WMS returns blank for NER.
Geomorphology (NER),NRSC/Bhuvan WMS (slope proxy),https://bhuvan-vec1.nrsc.gov.in/bhuvan/wms,"sdv:as_slope, sdv:ml_slope, etc.",Unknown,2026-09-15,NER states (WMS blank for NER bbox),Static,Unknown,data/raw/geomorphology/,PNG (blank) + provenance JSON,Possibly,No dedicated geomorphology layer found. Slope layers downloaded as proxy but also returned blank.,BLOCKED,DEM-derived geomorphology (slope/aspect/curvature from SRTM) is the practical alternative.
LULC (NER),NRSC/Bhuvan + ESRI,https://bhuvan.nrsc.gov.in/,Bhuvan LULC 1:50K (manual request) / ESRI 2020 10m (documented),2015-16 (Bhuvan),2026-09-15,NER,Annual,1:50K / 10m,data/raw/lulc/,Documentation JSON,Yes (Bhuvan portal request),Bhuvan LULC documented (requires manual portal request). ESRI LULC Planetary Computer accessible. S2 pipeline documented.,DOCUMENTED_BLOCKED,ESRI 2020 10m LULC accessible via Planetary Computer. Bhuvan 1:50K requires approval. S2-derived LULC pipeline documented.
